평일운영시작시각,평일운영종료시각,주말운영시작시각,주말운영종료시각,공휴일운영시작시각,공휴일운영종료시각,휴무일
9:00,18:00,9:00,18:00,9:00,18:00,연중무휴
9:00,18:00,9:00,18:00,9:00,18:00,
8:30,19:00,8:30,19:00,8:30,19:00,연중무휴
8:00,20:00,,,,,
9:00,18:00,,,,,
9:00,18:00,0:00,0:00,0:00,0:00,
9:00,18:00,,,,,
9:00,20:00,,,,,
9:00,18:00,,,,,
9:00,18:00,,,,,
9:00,19:00,,,,,
9:00,18:00,,,,,토+일
7:45,20:00,,,,,
0:00,23:59,,,,,
8:30,18:00,9:00,18:00,,,
9:00,18:00,,,,,
9:00,18:00,,,,,
9:00,21:00,9:00,21:00,,,
0:00,23:59,,,,,
9:00,18:00,,,,,
9:00,18:00,10:00,18:00,10:00,18:00,
9:00,18:00,9:00,18:00,9:00,18:00,연중무휴
